Seconds.milliseconds since 1970,leftIrisX,leftIrisY,leftEyeHeadX,leftEyeHeadY,leftEyeBottomX,leftEyeBottomY,rightIrisX,rightIrisY,rightEyeHeadX,rightEyeHeadY,rightEyeBottomX,rightEyeBottomY
1373386817.16820, 274.250000, 346.125000, 264.250000, 341.125000, 296.250000, 339.125000, 164.250000, 349.125000, 180.250000, 355.125000, 133.250000, 349.125000
1373386817.20369, 273.833344, 345.916656, 262.333344, 341.416656, 283.333344, 338.416656, 163.833344, 348.916656, 178.333344, 354.416656, 131.333344, 348.416656
1373386817.23405, 272.083344, 345.541656, 260.083344, 341.041656, 294.083344, 338.041656, 162.083344, 348.541656, 177.083344, 354.041656, 131.083344, 344.041656
1373386817.26874, 271.333344, 345.166656, 259.333344, 341.166656, 292.333344, 338.166656, 160.333344, 347.166656, 176.333344, 354.166656, 129.333344, 348.166656
1373386817.30144, 271.333344, 345.166656, 259.333344, 341.166656, 293.333344, 339.166656, 161.333344, 348.166656, 176.333344, 353.166656, 133.333344, 348.166656
1373386817.33578, 270.333344, 345.166656, 258.333344, 341.166656, 291.333344, 338.166656, 160.333344, 347.166656, 175.333344, 353.166656, 130.333344, 344.166656
1373386817.37786, 271.666656, 345.333344, 260.166656, 340.833344, 293.166656, 338.833344, 160.666672, 348.333344, 176.166672, 353.833344, 128.166672, 348.833344
1373386817.41464, 269.666656, 346.333344, 259.166656, 340.833344, 292.166656, 338.833344, 159.666672, 348.333344, 175.166672, 355.833344, 127.166672, 345.833344
1373386817.45195, 269.833344, 346.916656, 259.333344, 341.416656, 280.333344, 338.416656, 159.833344, 348.916656, 174.333344, 354.416656, 128.333344, 349.416656
1373386817.48518, 268.250000, 347.125000, 256.250000, 343.125000, 290.250000, 340.125000, 158.250000, 350.125000, 173.250000, 356.125000, 127.250000, 350.125000
1373386817.51982, 265.000000, 346.500000, 253.000000, 344.000000, 282.000000, 339.000000, 156.000000, 349.500000, 172.000000, 356.000000, 138.000000, 352.000000
1373386817.56135, 264.250000, 348.125000, 253.250000, 346.125000, 284.250000, 342.125000, 154.250000, 350.125000, 172.250000, 356.125000, 122.250000, 352.125000
1373386817.59423, 263.250000, 351.125000, 245.250000, 358.125000, 274.250000, 350.125000, 156.250000, 353.125000, 173.250000, 357.125000, 144.250000, 348.125000
1373386817.63613, 254.083344, 355.541656, 244.083344, 358.041656, 285.083344, 352.041656, 165.083344, 358.541656, 174.083344, 361.041656, 134.083344, 359.041656
1373386817.66899, 262.833344, 354.916656, 245.333344, 358.416656, 290.333344, 348.416656, 158.833344, 357.916656, 174.333344, 363.416656, 128.333344, 353.416656
1373386817.70335, 262.833344, 352.916656, 244.333344, 359.416656, 287.333344, 346.416656, 154.833344, 355.916656, 172.333344, 361.416656, 122.333344, 354.416656
1373386817.74388, 262.833344, 351.916656, 244.333344, 359.416656, 286.333344, 344.416656, 154.833344, 354.916656, 164.333344, 351.416656, 125.333344, 356.416656
1373386817.77848, 262.000000, 352.500000, 245.000000, 358.000000, 279.000000, 344.000000, 153.000000, 354.500000, 171.000000, 361.000000, 126.000000, 353.000000
1373386817.81188, 263.583344, 352.291656, 253.083344, 349.291656, 287.083344, 345.291656, 154.583344, 354.291656, 171.083344, 361.291656, 122.083344, 356.291656
1373386817.84638, 264.000000, 352.500000, 253.000000, 349.000000, 280.000000, 345.000000, 154.000000, 355.500000, 171.000000, 361.000000, 126.000000, 354.000000
1373386817.88520, 263.000000, 352.500000, 245.000000, 360.000000, 280.000000, 345.000000, 154.000000, 355.500000, 171.000000, 361.000000, 127.000000, 354.000000
1373386817.92012, 263.000000, 352.500000, 253.000000, 349.000000, 278.000000, 344.000000, 154.000000, 355.500000, 171.000000, 361.000000, 124.000000, 358.000000
1373386817.95339, 263.833344, 352.916656, 245.333344, 358.416656, 280.333344, 344.416656, 153.833344, 354.916656, 171.333344, 361.416656, 124.333344, 357.416656
1373386817.98742, 263.000000, 351.500000, 245.000000, 359.000000, 280.000000, 344.000000, 152.000000, 354.500000, 170.000000, 360.000000, 124.000000, 357.000000
1373386818.02421, 263.000000, 350.500000, 244.000000, 358.000000, 288.000000, 343.000000, 152.000000, 353.500000, 170.000000, 359.000000, 124.000000, 356.000000
1373386818.06133, 264.000000, 349.500000, 253.000000, 346.000000, 286.000000, 342.000000, 152.000000, 353.500000, 170.000000, 359.000000, 123.000000, 356.000000
1373386818.09453, 263.333344, 349.666656, 244.333344, 358.166656, 280.333344, 341.166656, 151.333344, 352.666656, 169.333344, 359.166656, 134.333344, 355.166656
1373386818.12927, 263.333344, 349.666656, 244.333344, 357.166656, 280.333344, 343.166656, 150.333344, 352.666656, 169.333344, 359.166656, 121.333344, 356.166656
1373386818.17318, 262.583344, 349.291656, 251.083344, 347.291656, 280.083344, 342.291656, 150.583344, 352.291656, 169.083344, 359.291656, 122.083344, 355.291656
1373386818.20990, 263.000000, 349.500000, 243.000000, 358.000000, 280.000000, 343.000000, 150.000000, 352.500000, 168.000000, 359.000000, 121.000000, 355.000000
1373386818.24338, 262.333344, 349.666656, 243.333344, 358.166656, 286.333344, 342.166656, 150.333344, 352.666656, 168.333344, 359.166656, 130.333344, 354.166656
1373386818.27903, 262.416656, 349.708344, 251.416656, 345.708344, 287.416656, 341.708344, 150.416672, 352.708344, 167.416672, 357.708344, 121.416672, 350.708344
1373386818.32584, 261.666656, 349.833344, 242.166656, 356.833344, 286.166656, 341.833344, 148.666672, 351.833344, 166.166672, 357.833344, 119.166672, 353.833344
1373386818.36408, 261.166656, 348.083344, 241.166656, 356.583344, 285.166656, 341.583344, 148.166672, 351.083344, 166.166672, 357.583344, 130.166672, 353.583344
1373386818.39848, 260.333344, 348.666656, 249.333344, 345.166656, 277.333344, 341.166656, 147.333344, 351.666656, 165.333344, 357.166656, 118.333344, 354.166656
1373386818.43568, 259.666656, 349.833344, 248.166656, 345.833344, 284.166656, 341.833344, 147.666672, 352.833344, 164.166672, 357.833344, 118.166672, 349.833344
1373386818.47753, 259.333344, 349.666656, 248.333344, 346.166656, 276.333344, 341.166656, 146.333344, 352.666656, 164.333344, 358.166656, 117.333344, 350.166656
1373386818.51356, 259.500000, 349.250000, 247.000000, 346.250000, 285.000000, 343.250000, 146.500000, 352.250000, 164.000000, 359.250000, 117.000000, 355.250000
1373386818.54828, 258.166656, 349.083344, 239.166656, 356.583344, 282.166656, 341.583344, 146.166672, 352.083344, 163.166672, 358.583344, 117.166672, 354.583344
1373386818.58747, 258.333344, 349.666656, 246.333344, 346.166656, 275.333344, 341.166656, 145.333344, 352.666656, 163.333344, 358.166656, 117.333344, 354.166656
1373386818.62458, 257.166656, 349.083344, 238.166656, 356.583344, 285.166656, 342.583344, 145.166672, 352.083344, 163.166672, 357.583344, 116.166672, 354.583344
1373386818.66152, 257.166656, 349.083344, 238.166656, 356.583344, 282.166656, 341.583344, 145.166672, 352.083344, 163.166672, 358.583344, 116.166672, 354.583344
1373386818.69618, 257.583344, 349.291656, 237.083344, 358.291656, 280.083344, 341.291656, 145.583344, 352.291656, 163.083344, 358.291656, 116.083344, 355.291656
1373386818.73185, 257.166656, 349.083344, 247.166656, 344.583344, 274.166656, 340.583344, 145.166672, 352.083344, 163.166672, 357.583344, 115.166672, 350.583344
1373386818.77129, 259.166656, 348.083344, 238.166656, 356.583344, 274.166656, 340.583344, 146.166672, 352.083344, 162.166672, 357.583344, 115.166672, 354.583344
1373386818.80882, 259.333344, 348.666656, 238.333344, 357.166656, 274.333344, 340.166656, 146.333344, 352.666656, 163.333344, 358.166656, 115.333344, 355.166656
1373386818.84291, 259.333344, 348.666656, 248.333344, 344.166656, 275.333344, 341.166656, 146.333344, 352.666656, 163.333344, 359.166656, 115.333344, 355.166656
1373386818.87889, 260.333344, 348.666656, 238.333344, 356.166656, 282.333344, 341.166656, 146.333344, 352.666656, 163.333344, 358.166656, 116.333344, 354.166656
1373386818.92340, 260.333344, 348.666656, 248.333344, 344.166656, 271.333344, 340.166656, 147.333344, 352.666656, 163.333344, 358.166656, 116.333344, 354.166656
1373386818.95762, 261.583344, 347.291656, 240.083344, 356.291656, 285.083344, 341.291656, 148.583344, 351.291656, 164.083344, 357.291656, 116.083344, 354.291656
1373386818.99300, 262.000000, 347.500000, 249.000000, 344.000000, 274.000000, 344.000000, 148.000000, 351.500000, 165.000000, 357.000000, 117.000000, 354.000000
1373386819.03823, 263.500000, 346.250000, 250.000000, 343.250000, 285.000000, 340.250000, 149.500000, 351.250000, 165.000000, 357.250000, 117.000000, 354.250000
1373386819.07226, 263.166656, 346.083344, 251.166656, 342.583344, 280.166656, 338.583344, 149.166672, 351.083344, 166.166672, 356.583344, 117.166672, 353.583344
1373386819.10786, 263.000000, 346.500000, 252.000000, 342.000000, 286.000000, 339.000000, 150.000000, 351.500000, 166.000000, 356.000000, 118.000000, 354.000000
1373386819.15483, 264.166656, 346.083344, 252.166656, 341.583344, 286.166656, 338.583344, 150.166672, 350.083344, 167.166672, 355.583344, 118.166672, 353.583344
1373386819.18881, 264.333344, 346.666656, 253.333344, 342.166656, 286.333344, 339.166656, 150.333344, 350.666656, 167.333344, 356.166656, 118.333344, 354.166656
1373386819.22387, 265.833344, 345.916656, 253.333344, 342.416656, 287.333344, 338.416656, 151.833344, 350.916656, 168.333344, 357.416656, 121.333344, 354.416656
1373386819.26239, 266.000000, 345.500000, 243.000000, 354.000000, 287.000000, 338.000000, 152.000000, 350.500000, 168.000000, 356.000000, 119.000000, 349.000000
1373386819.29631, 266.833344, 345.916656, 254.333344, 341.416656, 288.333344, 338.416656, 152.833344, 350.916656, 168.333344, 356.416656, 129.333344, 355.416656
1373386819.33165, 267.833344, 345.916656, 255.333344, 341.416656, 292.333344, 339.416656, 153.833344, 350.916656, 169.333344, 356.416656, 122.333344, 353.416656
1373386819.37116, 268.166656, 344.083344, 256.166656, 339.583344, 289.166656, 337.583344, 153.166672, 350.083344, 169.166672, 355.583344, 120.166672, 351.583344
1373386819.40462, 267.166656, 345.083344, 255.166656, 340.583344, 288.166656, 337.583344, 154.166672, 350.083344, 169.166672, 355.583344, 120.166672, 352.583344
1373386819.44005, 268.000000, 345.500000, 256.000000, 340.000000, 289.000000, 338.000000, 153.000000, 350.500000, 169.000000, 356.000000, 122.000000, 354.000000
1373386819.47549, 268.333344, 345.666656, 246.333344, 352.166656, 289.333344, 338.166656, 154.333344, 350.666656, 170.333344, 357.166656, 119.333344, 353.166656
1373386819.51365, 269.666656, 345.833344, 245.166656, 353.833344, 289.166656, 337.833344, 154.666672, 350.833344, 170.166672, 356.833344, 120.166672, 353.833344
1373386819.54743, 269.500000, 345.250000, 246.000000, 354.250000, 290.000000, 338.250000, 154.500000, 350.250000, 170.000000, 356.250000, 120.000000, 353.250000
1373386819.58274, 270.333344, 344.666656, 246.333344, 354.166656, 290.333344, 338.166656, 155.333344, 350.666656, 171.333344, 356.166656, 120.333344, 353.166656
1373386819.62737, 272.333344, 344.666656, 248.333344, 353.166656, 291.333344, 337.166656, 157.333344, 350.666656, 172.333344, 356.166656, 133.333344, 352.166656
1373386819.66482, 272.500000, 344.250000, 249.000000, 352.250000, 292.000000, 337.250000, 158.500000, 350.250000, 173.000000, 355.250000, 127.000000, 347.250000
1373386819.69853, 274.833344, 343.416656, 250.333344, 352.416656, 293.333344, 337.416656, 158.833344, 349.416656, 174.333344, 355.416656, 123.333344, 353.416656
1373386819.73429, 275.666656, 343.833344, 263.166656, 338.833344, 294.166656, 336.833344, 159.666672, 349.833344, 176.166672, 354.833344, 124.166672, 351.833344
1373386819.77905, 276.500000, 343.250000, 253.000000, 351.250000, 295.000000, 336.250000, 161.500000, 349.250000, 176.000000, 355.250000, 138.000000, 355.250000
1373386819.81656, 276.666656, 343.833344, 253.166656, 351.833344, 296.166656, 335.833344, 161.666672, 349.833344, 177.166672, 355.833344, 126.166672, 347.833344
1373386819.85226, 277.666656, 343.833344, 253.166656, 351.833344, 296.166656, 335.833344, 162.666672, 349.833344, 178.166672, 355.833344, 139.166672, 354.833344
1373386819.88768, 277.666656, 343.833344, 265.166656, 337.833344, 296.166656, 335.833344, 163.666672, 349.833344, 178.166672, 355.833344, 130.166672, 346.833344
1373386819.92638, 278.666656, 343.833344, 254.166656, 350.833344, 296.166656, 335.833344, 163.666672, 349.833344, 178.166672, 354.833344, 138.166672, 347.833344
1373386819.96198, 278.833344, 343.416656, 254.333344, 351.416656, 296.333344, 336.416656, 164.833344, 349.416656, 178.333344, 355.416656, 129.333344, 347.416656
1373386819.99585, 279.666656, 342.833344, 254.166656, 350.833344, 301.166656, 337.833344, 163.666672, 348.833344, 178.166672, 353.833344, 137.166672, 352.833344
1373386820.03070, 279.833344, 342.416656, 266.333344, 338.416656, 297.333344, 336.416656, 163.833344, 348.416656, 178.333344, 354.416656, 129.333344, 347.416656
1373386820.06944, 278.666656, 342.833344, 254.166656, 350.833344, 299.166656, 336.833344, 163.666672, 348.833344, 178.166672, 353.833344, 137.166672, 352.833344
1373386820.10677, 279.666656, 342.833344, 266.166656, 337.833344, 296.166656, 334.833344, 163.666672, 348.833344, 178.166672, 353.833344, 137.166672, 351.833344
1373386820.14088, 279.500000, 342.250000, 267.000000, 337.250000, 300.000000, 337.250000, 163.500000, 348.250000, 179.000000, 355.250000, 137.000000, 353.250000
1373386820.17595, 278.500000, 342.250000, 255.000000, 349.250000, 300.000000, 337.250000, 163.500000, 348.250000, 178.000000, 354.250000, 137.000000, 353.250000
1373386820.21474, 279.500000, 341.250000, 254.000000, 351.250000, 300.000000, 337.250000, 164.500000, 348.250000, 179.000000, 355.250000, 138.000000, 346.250000
1373386820.24825, 279.333344, 341.666656, 254.333344, 351.166656, 300.333344, 336.166656, 164.333344, 348.666656, 179.333344, 355.166656, 134.333344, 345.166656
1373386820.28436, 279.666656, 341.833344, 254.166656, 350.833344, 301.166656, 336.833344, 164.666672, 348.833344, 179.166672, 354.833344, 136.166672, 345.833344
1373386820.32671, 278.666656, 342.833344, 254.166656, 350.833344, 295.166656, 334.833344, 163.666672, 348.833344, 178.166672, 354.833344, 129.166672, 346.833344
1373386820.36339, 279.833344, 342.416656, 254.333344, 351.416656, 289.333344, 334.416656, 164.833344, 349.416656, 178.333344, 355.416656, 128.333344, 348.416656
1373386820.39660, 278.666656, 342.833344, 254.166656, 350.833344, 300.166656, 336.833344, 164.666672, 349.833344, 178.166672, 354.833344, 129.166672, 346.833344
1373386820.43116, 279.833344, 342.416656, 254.333344, 351.416656, 299.333344, 337.416656, 164.833344, 349.416656, 178.333344, 355.416656, 129.333344, 347.416656
1373386820.47532, 278.666656, 342.833344, 266.166656, 337.833344, 289.166656, 333.833344, 163.666672, 349.833344, 178.166672, 354.833344, 137.166672, 347.833344
1373386820.51204, 279.500000, 342.250000, 253.000000, 352.250000, 300.000000, 338.250000, 163.500000, 349.250000, 178.000000, 356.250000, 139.000000, 355.250000
1373386820.54543, 278.500000, 342.250000, 253.000000, 352.250000, 299.000000, 338.250000, 163.500000, 349.250000, 177.000000, 355.250000, 131.000000, 346.250000
1373386820.58025, 278.666656, 342.833344, 252.166656, 352.833344, 299.166656, 336.833344, 163.666672, 349.833344, 177.166672, 354.833344, 139.166672, 354.833344
1373386820.62175, 278.666656, 342.833344, 265.166656, 337.833344, 299.166656, 337.833344, 162.666672, 349.833344, 177.166672, 354.833344, 136.166672, 353.833344
1373386820.65700, 278.333344, 342.666656, 267.333344, 337.166656, 299.333344, 338.166656, 162.333344, 349.666656, 177.333344, 355.166656, 127.333344, 348.166656
1373386820.69043, 278.666656, 342.833344, 253.166656, 350.833344, 299.166656, 337.833344, 162.666672, 349.833344, 177.166672, 355.833344, 129.166672, 346.833344
1373386820.72546, 277.500000, 343.250000, 253.000000, 351.250000, 299.000000, 338.250000, 162.500000, 349.250000, 177.000000, 356.250000, 128.000000, 348.250000
1373386820.76427, 277.666656, 343.833344, 253.166656, 350.833344, 299.166656, 337.833344, 162.666672, 349.833344, 177.166672, 355.833344, 128.166672, 347.833344
1373386820.79947, 278.666656, 343.833344, 252.166656, 352.833344, 295.166656, 335.833344, 162.666672, 349.833344, 177.166672, 355.833344, 128.166672, 351.833344
1373386820.83321, 277.500000, 343.250000, 252.000000, 352.250000, 299.000000, 338.250000, 162.500000, 349.250000, 177.000000, 356.250000, 128.000000, 348.250000
1373386820.86895, 277.333344, 343.666656, 251.333344, 350.166656, 298.333344, 338.166656, 162.333344, 350.666656, 176.333344, 355.166656, 128.333344, 348.166656
1373386820.90917, 277.500000, 343.250000, 252.000000, 352.250000, 298.000000, 338.250000, 162.500000, 350.250000, 176.000000, 355.250000, 140.000000, 359.250000
1373386820.94654, 277.666656, 344.833344, 252.166656, 351.833344, 298.166656, 337.833344, 161.666672, 350.833344, 177.166672, 356.833344, 128.166672, 347.833344
1373386820.98061, 277.666656, 344.833344, 264.166656, 339.833344, 299.166656, 338.833344, 161.666672, 350.833344, 176.166672, 355.833344, 126.166672, 348.833344
1373386821.01547, 276.333344, 345.666656, 252.333344, 353.166656, 299.333344, 339.166656, 161.333344, 351.666656, 176.333344, 357.166656, 136.333344, 350.166656
1373386821.05794, 277.166656, 345.083344, 251.166656, 353.583344, 295.166656, 338.583344, 161.166672, 352.083344, 176.166672, 356.583344, 128.166672, 348.583344
1373386821.09206, 275.833344, 347.916656, 251.333344, 354.416656, 297.333344, 342.416656, 160.833344, 353.916656, 175.333344, 359.416656, 132.333344, 350.416656
1373386821.12732, 275.166656, 348.083344, 249.166656, 355.583344, 296.166656, 341.583344, 159.166672, 354.083344, 174.166672, 359.583344, 134.166672, 351.583344
1373386821.16990, 273.000000, 349.500000, 249.000000, 356.000000, 291.000000, 342.000000, 157.000000, 354.500000, 173.000000, 360.000000, 133.000000, 353.000000
1373386821.20326, 273.166656, 349.083344, 247.166656, 356.583344, 295.166656, 343.583344, 156.166672, 355.083344, 172.166672, 360.583344, 122.166672, 352.583344
1373386821.23806, 272.333344, 350.666656, 246.333344, 358.166656, 294.333344, 345.166656, 156.333344, 356.666656, 170.333344, 359.166656, 122.333344, 359.166656
1373386821.27825, 270.333344, 351.666656, 245.333344, 359.166656, 293.333344, 346.166656, 155.333344, 357.666656, 169.333344, 362.166656, 120.333344, 355.166656
1373386821.31147, 269.166656, 352.083344, 244.166656, 358.583344, 289.166656, 345.583344, 154.166672, 358.083344, 169.166672, 363.583344, 122.166672, 353.583344
1373386821.34796, 268.166656, 353.083344, 257.166656, 347.583344, 287.166656, 345.583344, 152.166672, 358.083344, 167.166672, 363.583344, 118.166672, 358.583344
1373386821.38873, 267.166656, 354.083344, 243.166656, 358.583344, 290.166656, 347.583344, 151.166672, 359.083344, 167.166672, 363.583344, 117.166672, 359.583344
1373386821.42373, 267.583344, 355.291656, 242.083344, 362.291656, 290.083344, 349.291656, 151.583344, 360.291656, 166.083344, 365.291656, 121.083344, 360.291656
1373386821.45736, 266.666656, 356.833344, 254.166656, 350.833344, 289.166656, 349.833344, 150.666672, 361.833344, 165.166672, 366.833344, 116.166672, 360.833344
1373386821.49182, 266.500000, 357.250000, 240.000000, 364.250000, 285.000000, 350.250000, 150.500000, 362.250000, 165.000000, 367.250000, 115.000000, 362.250000
1373386821.52933, 263.166656, 360.083344, 239.166656, 366.583344, 284.166656, 352.583344, 148.166672, 365.083344, 164.166672, 369.583344, 114.166672, 363.583344
1373386821.56422, 263.666656, 361.333344, 251.166656, 355.833344, 288.166656, 353.833344, 148.666672, 366.333344, 159.166672, 362.833344, 117.166672, 359.833344
1373386821.59798, 262.833344, 362.916656, 237.333344, 368.416656, 286.333344, 355.416656, 147.833344, 366.916656, 162.333344, 372.416656, 117.333344, 362.416656
1373386821.63255, 261.666656, 363.333344, 237.166656, 368.833344, 286.166656, 355.833344, 146.666672, 367.333344, 162.166672, 371.833344, 114.166672, 361.833344
1373386821.67426, 260.833344, 364.916656, 249.333344, 358.416656, 282.333344, 356.416656, 146.833344, 368.916656, 161.333344, 372.416656, 117.333344, 366.416656
1373386821.71141, 259.833344, 365.916656, 236.333344, 370.416656, 283.333344, 357.416656, 145.833344, 369.916656, 161.333344, 373.416656, 113.333344, 366.416656
1373386821.74500, 258.833344, 366.916656, 236.333344, 370.416656, 285.333344, 358.416656, 144.833344, 369.916656, 161.333344, 374.416656, 112.333344, 364.416656
1373386821.77998, 258.000000, 367.500000, 235.000000, 372.000000, 284.000000, 359.000000, 144.000000, 370.500000, 160.000000, 375.000000, 112.000000, 368.000000
1373386821.82542, 258.833344, 368.916656, 235.333344, 372.416656, 287.333344, 359.416656, 143.833344, 372.916656, 159.333344, 372.416656, 114.333344, 366.416656
1373386821.86195, 257.666656, 370.833344, 234.166656, 373.833344, 282.166656, 361.833344, 143.666672, 374.833344, 159.166672, 376.833344, 112.166672, 366.833344
1373386821.89595, 257.666656, 371.833344, 234.166656, 373.833344, 285.166656, 361.833344, 143.666672, 375.833344, 152.166672, 369.833344, 111.166672, 367.833344
1373386821.93081, 256.333344, 372.666656, 244.333344, 366.166656, 278.333344, 363.166656, 141.333344, 375.666656, 158.333344, 379.166656, 115.333344, 369.166656
1373386821.97158, 256.166656, 372.083344, 232.166656, 375.583344, 277.166656, 363.583344, 141.166672, 376.083344, 157.166672, 378.583344, 114.166672, 368.583344
1373386822.00527, 254.333344, 373.666656, 232.333344, 377.166656, 277.333344, 364.166656, 140.333344, 377.666656, 157.333344, 380.166656, 105.333344, 370.166656
1373386822.04050, 254.333344, 374.666656, 231.333344, 378.166656, 276.333344, 365.166656, 140.333344, 378.666656, 157.333344, 381.166656, 106.333344, 370.166656
1373386822.07927, 253.166672, 375.083344, 231.166672, 377.583344, 276.166687, 365.583344, 138.166672, 378.083344, 148.166672, 372.583344, 105.166672, 370.583344
1373386822.11315, 253.166672, 375.083344, 242.166672, 368.583344, 278.166687, 366.583344, 138.166672, 379.083344, 148.166672, 373.583344, 108.166672, 372.583344
1373386822.14828, 252.166672, 376.083344, 230.166672, 379.583344, 275.166687, 366.583344, 138.166672, 379.083344, 148.166672, 374.583344, 111.166672, 374.583344
1373386822.18784, 253.583344, 376.291656, 240.083344, 371.291656, 275.083344, 368.291656, 137.583344, 380.291656, 154.083344, 383.291656, 104.083344, 372.291656
1373386822.22273, 251.333344, 377.666656, 229.333344, 381.166656, 274.333344, 368.166656, 137.333344, 380.666656, 154.333344, 383.166656, 106.333344, 373.166656
1373386822.25804, 250.333344, 378.666656, 229.333344, 381.166656, 278.333344, 369.166656, 137.333344, 381.666656, 154.333344, 383.166656, 113.333344, 374.166656
1373386822.29833, 251.500000, 379.250000, 239.000000, 373.250000, 277.000000, 370.250000, 138.500000, 382.250000, 152.000000, 381.250000, 108.000000, 378.250000
1373386822.33737, 251.333344, 379.666656, 228.333344, 382.166656, 262.333344, 372.166656, 137.333344, 383.666656, 146.333344, 378.166656, 107.333344, 379.166656
1373386822.37265, 250.333344, 380.666656, 239.333344, 374.166656, 273.333344, 371.166656, 136.333344, 383.666656, 146.333344, 378.166656, 108.333344, 379.166656
1373386822.40895, 250.333344, 380.666656, 228.333344, 382.166656, 273.333344, 371.166656, 137.333344, 383.666656, 153.333344, 385.166656, 103.333344, 374.166656
1373386822.45377, 250.333344, 380.666656, 239.333344, 374.166656, 273.333344, 372.166656, 136.333344, 383.666656, 153.333344, 385.166656, 103.333344, 374.166656
1373386822.48952, 251.166672, 380.083344, 228.166672, 382.583344, 276.166687, 371.583344, 137.166672, 384.083344, 153.166672, 385.583344, 108.166672, 378.583344
1373386822.52520, 250.666672, 380.833344, 239.166672, 374.833344, 268.166687, 374.833344, 137.666672, 384.833344, 146.166672, 378.833344, 102.166672, 374.833344
1373386822.57086, 249.333344, 381.666656, 238.333344, 375.166656, 261.333344, 373.166656, 136.333344, 384.666656, 153.333344, 386.166656, 102.333344, 375.166656
1373386822.60446, 250.166672, 381.083344, 228.166672, 382.583344, 275.166687, 371.583344, 137.166672, 384.083344, 153.166672, 386.583344, 105.166672, 377.583344
1373386822.63983, 250.666672, 381.833344, 239.166672, 374.833344, 277.166687, 371.833344, 137.666672, 384.833344, 153.166672, 385.833344, 106.166672, 375.833344
1373386822.68125, 251.333344, 381.666656, 228.333344, 384.166656, 276.333344, 372.166656, 137.333344, 384.666656, 153.333344, 386.166656, 102.333344, 375.166656
1373386822.71453, 250.166672, 381.083344, 228.166672, 382.583344, 273.166687, 371.583344, 137.166672, 384.083344, 153.166672, 385.583344, 111.166672, 382.583344
1373386822.74903, 251.000000, 381.500000, 228.000000, 383.000000, 274.000000, 372.000000, 137.000000, 384.500000, 153.000000, 386.000000, 105.000000, 376.000000
1373386822.78799, 250.166672, 381.083344, 229.166672, 382.583344, 272.166687, 371.583344, 137.166672, 384.083344, 153.166672, 385.583344, 108.166672, 379.583344
1373386822.82349, 251.000000, 381.500000, 240.000000, 375.000000, 277.000000, 372.000000, 137.000000, 384.500000, 153.000000, 386.000000, 108.000000, 380.000000
1373386822.85662, 251.333344, 381.666656, 240.333344, 375.166656, 262.333344, 374.166656, 137.333344, 384.666656, 154.333344, 387.166656, 102.333344, 376.166656
1373386822.89153, 251.166672, 381.083344, 229.166672, 382.583344, 277.166687, 372.583344, 137.166672, 384.083344, 152.166672, 381.583344, 106.166672, 375.583344
1373386822.92955, 252.000000, 381.500000, 240.000000, 375.000000, 274.000000, 373.000000, 137.000000, 384.500000, 146.000000, 379.000000, 108.000000, 380.000000
1373386822.96366, 252.833344, 381.916656, 230.333344, 383.416656, 275.333344, 373.416656, 138.833344, 384.916656, 155.333344, 386.416656, 106.333344, 376.416656
1373386822.99993, 252.000000, 381.500000, 230.000000, 384.000000, 270.000000, 375.000000, 138.000000, 384.500000, 155.000000, 387.000000, 107.000000, 376.000000
1373386823.04411, 252.166672, 381.083344, 263.166687, 377.583344, 270.166687, 374.583344, 138.166672, 385.083344, 147.166672, 378.583344, 104.166672, 374.583344
1373386823.08202, 253.000000, 381.500000, 242.000000, 375.000000, 270.000000, 376.000000, 139.000000, 385.500000, 156.000000, 386.000000, 106.000000, 379.000000
1373386823.11559, 253.000000, 381.500000, 242.000000, 375.000000, 264.000000, 374.000000, 139.000000, 385.500000, 156.000000, 387.000000, 110.000000, 380.000000
1373386823.15126, 253.000000, 381.500000, 242.000000, 375.000000, 276.000000, 373.000000, 140.000000, 385.500000, 156.000000, 387.000000, 108.000000, 376.000000
1373386823.19392, 253.000000, 381.500000, 243.000000, 376.000000, 280.000000, 373.000000, 139.000000, 384.500000, 156.000000, 387.000000, 110.000000, 380.000000
1373386823.23111, 254.000000, 381.500000, 243.000000, 375.000000, 272.000000, 375.000000, 140.000000, 384.500000, 157.000000, 386.000000, 110.000000, 380.000000
1373386823.26456, 254.166672, 381.083344, 244.166672, 374.583344, 278.166687, 372.583344, 140.166672, 384.083344, 158.166672, 386.583344, 111.166672, 379.583344
1373386823.29936, 255.166672, 381.083344, 245.166672, 374.583344, 274.166687, 374.583344, 141.166672, 384.083344, 158.166672, 385.583344, 110.166672, 375.583344
1373386823.34358, 257.000000, 381.500000, 236.000000, 383.000000, 276.000000, 375.000000, 142.000000, 384.500000, 160.000000, 386.000000, 114.000000, 380.000000
1373386823.37900, 259.833344, 381.916656, 248.333344, 375.416656, 271.333344, 373.416656, 144.833344, 384.916656, 159.333344, 382.416656, 112.333344, 376.416656
1373386823.41274, 261.000000, 380.500000, 250.000000, 375.000000, 273.000000, 373.000000, 146.000000, 384.500000, 164.000000, 385.000000, 113.000000, 378.000000
1373386823.44739, 263.000000, 381.500000, 252.000000, 375.000000, 275.000000, 373.000000, 147.000000, 384.500000, 165.000000, 386.000000, 118.000000, 383.000000
1373386823.48657, 264.000000, 381.500000, 254.000000, 375.000000, 288.000000, 372.000000, 148.000000, 384.500000, 167.000000, 386.000000, 119.000000, 380.000000
1373386823.52271, 266.166656, 381.083344, 256.166656, 374.583344, 290.166656, 371.583344, 151.166672, 385.083344, 166.166672, 381.583344, 120.166672, 380.583344
1373386823.55696, 267.000000, 381.500000, 257.000000, 375.000000, 283.000000, 376.000000, 151.000000, 385.500000, 170.000000, 387.000000, 123.000000, 383.000000
1373386823.59229, 268.166656, 381.083344, 258.166656, 374.583344, 284.166656, 375.583344, 153.166672, 385.083344, 172.166672, 385.583344, 123.166672, 383.583344
1373386823.63037, 270.333344, 381.666656, 260.333344, 375.166656, 286.333344, 376.166656, 154.333344, 385.666656, 173.333344, 387.166656, 120.333344, 379.166656
1373386823.66583, 271.166656, 381.083344, 261.166656, 375.583344, 298.166656, 371.583344, 155.166672, 385.083344, 174.166672, 386.583344, 126.166672, 383.583344
1373386823.69951, 271.333344, 381.666656, 261.333344, 376.166656, 298.333344, 373.166656, 155.333344, 385.666656, 175.333344, 387.166656, 127.333344, 386.166656
1373386823.73491, 271.333344, 381.666656, 252.333344, 383.166656, 298.333344, 373.166656, 155.333344, 385.666656, 174.333344, 387.166656, 127.333344, 386.166656
1373386823.77755, 272.000000, 381.500000, 262.000000, 376.000000, 293.000000, 373.000000, 156.000000, 386.500000, 175.000000, 386.000000, 128.000000, 386.000000
1373386823.81356, 272.166656, 381.083344, 262.166656, 375.583344, 299.166656, 372.583344, 156.166672, 386.083344, 173.166672, 382.583344, 130.166672, 378.583344
1373386823.84890, 273.000000, 382.500000, 252.000000, 384.000000, 290.000000, 376.000000, 156.000000, 386.500000, 176.000000, 388.000000, 127.000000, 385.000000
1373386823.89451, 274.000000, 382.500000, 256.000000, 379.000000, 294.000000, 373.000000, 157.000000, 386.500000, 176.000000, 388.000000, 127.000000, 385.000000
1373386823.92824, 275.833344, 382.916656, 254.333344, 384.416656, 301.333344, 373.416656, 158.833344, 387.916656, 175.333344, 384.416656, 130.333344, 387.416656
1373386823.96331, 276.000000, 382.500000, 255.000000, 384.000000, 305.000000, 371.000000, 160.000000, 387.500000, 178.000000, 388.000000, 129.000000, 386.000000
1373386824.00592, 276.000000, 382.500000, 256.000000, 384.000000, 303.000000, 373.000000, 160.000000, 387.500000, 179.000000, 389.000000, 130.000000, 386.000000
1373386824.04270, 277.000000, 381.500000, 256.000000, 384.000000, 298.000000, 373.000000, 161.000000, 387.500000, 178.000000, 384.000000, 130.000000, 386.000000
1373386824.07617, 278.000000, 381.500000, 257.000000, 384.000000, 303.000000, 373.000000, 162.000000, 387.500000, 179.000000, 385.000000, 133.000000, 388.000000
1373386824.11100, 279.583344, 381.291656, 258.083344, 384.291656, 302.083344, 373.291656, 162.583344, 387.291656, 181.083344, 389.291656, 133.083344, 388.291656
1373386824.15189, 279.333344, 382.666656, 269.333344, 376.166656, 304.333344, 373.166656, 163.333344, 387.666656, 182.333344, 388.166656, 132.333344, 386.166656
1373386824.18590, 279.000000, 382.500000, 258.000000, 384.000000, 298.000000, 373.000000, 163.000000, 387.500000, 181.000000, 389.000000, 132.000000, 386.000000
1373386824.22074, 279.583344, 382.291656, 258.083344, 384.291656, 297.083344, 373.291656, 163.583344, 388.291656, 181.083344, 389.291656, 132.083344, 387.291656
1373386824.25980, 279.583344, 382.291656, 258.083344, 384.291656, 293.083344, 374.291656, 163.583344, 388.291656, 181.083344, 389.291656, 132.083344, 387.291656
1373386824.29319, 279.166656, 382.083344, 258.166656, 383.583344, 303.166656, 372.583344, 163.166672, 388.083344, 181.166672, 388.583344, 130.166672, 383.583344
1373386824.32778, 279.166656, 382.083344, 258.166656, 384.583344, 304.166656, 372.583344, 163.166672, 388.083344, 181.166672, 388.583344, 132.166672, 389.583344
1373386824.36628, 280.166656, 381.083344, 258.166656, 382.583344, 299.166656, 372.583344, 163.166672, 388.083344, 181.166672, 388.583344, 132.166672, 386.583344
1373386824.39995, 280.000000, 381.500000, 263.000000, 378.000000, 304.000000, 372.000000, 163.000000, 388.500000, 182.000000, 389.000000, 132.000000, 387.000000
1373386824.43554, 280.333344, 381.666656, 271.333344, 376.166656, 293.333344, 374.166656, 164.333344, 388.666656, 182.333344, 390.166656, 136.333344, 382.166656
1373386824.47779, 280.166656, 382.083344, 258.166656, 383.583344, 304.166656, 371.583344, 164.166672, 388.083344, 182.166672, 388.583344, 133.166672, 389.583344
1373386824.51110, 281.166656, 381.083344, 271.166656, 375.583344, 304.166656, 371.583344, 164.166672, 388.083344, 182.166672, 389.583344, 133.166672, 389.583344
1373386824.54561, 281.166656, 381.083344, 259.166656, 384.583344, 305.166656, 371.583344, 164.166672, 388.083344, 182.166672, 389.583344, 133.166672, 390.583344
1373386824.59043, 280.000000, 383.500000, 258.000000, 385.000000, 308.000000, 370.000000, 164.000000, 388.500000, 182.000000, 389.000000, 133.000000, 391.000000
1373386824.62467, 280.166656, 384.083344, 259.166656, 383.583344, 305.166656, 371.583344, 164.166672, 388.083344, 182.166672, 388.583344, 134.166672, 381.583344
1373386824.65989, 281.166656, 381.083344, 259.166656, 383.583344, 305.166656, 371.583344, 164.166672, 389.083344, 182.166672, 388.583344, 133.166672, 390.583344
1373386824.70144, 282.166656, 381.083344, 264.166656, 377.583344, 304.166656, 371.583344, 164.166672, 388.083344, 182.166672, 389.583344, 133.166672, 390.583344
1373386824.73534, 281.583344, 381.291656, 272.083344, 376.291656, 305.083344, 372.291656, 165.583344, 389.291656, 183.083344, 388.291656, 135.083344, 390.291656
1373386824.76999, 281.416656, 384.708344, 259.416656, 383.708344, 304.416656, 371.708344, 165.416672, 388.708344, 183.416672, 388.708344, 133.416672, 386.708344
1373386824.80992, 281.583344, 381.291656, 259.083344, 383.291656, 300.083344, 380.291656, 165.583344, 388.291656, 183.083344, 389.291656, 135.083344, 382.291656
1373386824.84455, 280.583344, 382.291656, 259.083344, 383.291656, 304.083344, 371.291656, 164.583344, 388.291656, 183.083344, 389.291656, 135.083344, 389.291656
1373386824.87804, 280.333344, 382.666656, 259.333344, 383.166656, 305.333344, 371.166656, 164.333344, 388.666656, 182.333344, 389.166656, 134.333344, 389.166656
1373386824.91258, 280.166656, 383.083344, 259.166656, 381.583344, 307.166656, 369.583344, 164.166672, 388.083344, 183.166672, 388.583344, 135.166672, 381.583344
1373386824.95136, 281.333344, 380.666656, 272.333344, 374.166656, 304.333344, 371.166656, 164.333344, 388.666656, 182.333344, 388.166656, 132.333344, 387.166656
1373386824.98699, 280.583344, 384.291656, 258.083344, 383.291656, 303.083344, 371.291656, 164.583344, 387.291656, 182.083344, 389.291656, 134.083344, 381.291656
1373386825.02051, 280.000000, 382.500000, 258.000000, 383.000000, 304.000000, 371.000000, 164.000000, 387.500000, 182.000000, 389.000000, 136.000000, 389.000000
1373386825.05477, 279.250000, 381.125000, 258.250000, 382.125000, 307.250000, 369.125000, 163.250000, 387.125000, 181.250000, 389.125000, 132.250000, 390.125000
1373386825.09285, 279.833344, 385.916656, 258.333344, 382.416656, 299.333344, 371.416656, 164.833344, 387.916656, 181.333344, 388.416656, 132.333344, 389.416656
1373386825.12912, 279.583344, 384.291656, 258.083344, 382.291656, 306.083344, 369.291656, 163.583344, 387.291656, 179.083344, 383.291656, 134.083344, 388.291656
1373386825.16192, 272.250000, 389.125000, 257.250000, 383.125000, 288.250000, 375.125000, 163.250000, 387.125000, 181.250000, 388.125000, 133.250000, 388.125000
1373386825.19602, 279.583344, 384.291656, 257.083344, 381.291656, 303.083344, 370.291656, 163.583344, 386.291656, 181.083344, 388.291656, 131.083344, 386.291656
1373386825.23728, 279.166656, 383.083344, 257.166656, 382.583344, 303.166656, 369.583344, 163.166672, 386.083344, 181.166672, 386.583344, 131.166672, 385.583344
1373386825.27393, 279.583344, 382.291656, 259.083344, 378.291656, 303.083344, 370.291656, 163.583344, 386.291656, 180.083344, 387.291656, 133.083344, 380.291656
1373386825.30703, 279.333344, 380.666656, 257.333344, 382.166656, 302.333344, 370.166656, 162.333344, 386.666656, 180.333344, 388.166656, 129.333344, 382.166656
1373386825.34175, 279.333344, 378.666656, 262.333344, 375.166656, 303.333344, 369.166656, 163.333344, 386.666656, 181.333344, 387.166656, 129.333344, 387.166656
1373386825.38751, 279.333344, 378.666656, 257.333344, 381.166656, 303.333344, 369.166656, 162.333344, 385.666656, 180.333344, 387.166656, 128.333344, 382.166656
1373386825.42975, 279.333344, 379.666656, 256.333344, 381.166656, 302.333344, 369.166656, 162.333344, 385.666656, 180.333344, 387.166656, 133.333344, 379.166656
1373386825.46338, 279.000000, 377.500000, 258.000000, 376.000000, 302.000000, 369.000000, 163.000000, 384.500000, 180.000000, 385.000000, 130.000000, 384.000000
1373386825.49759, 279.333344, 377.666656, 258.333344, 376.166656, 303.333344, 368.166656, 162.333344, 384.666656, 180.333344, 385.166656, 129.333344, 380.166656
1373386825.54116, 279.000000, 377.500000, 256.000000, 380.000000, 302.000000, 368.000000, 162.000000, 384.500000, 180.000000, 384.000000, 129.000000, 384.000000
1373386825.57788, 278.166656, 377.083344, 258.166656, 374.583344, 296.166656, 367.583344, 162.166672, 383.083344, 179.166672, 384.583344, 132.166672, 383.583344
1373386825.61102, 278.000000, 377.500000, 255.000000, 379.000000, 301.000000, 368.000000, 162.000000, 383.500000, 179.000000, 385.000000, 132.000000, 384.000000
1373386825.64583, 278.833344, 376.916656, 257.333344, 375.416656, 301.333344, 368.416656, 161.833344, 383.916656, 179.333344, 386.416656, 132.333344, 383.416656
1373386825.68962, 278.000000, 376.500000, 269.000000, 370.000000, 301.000000, 367.000000, 161.000000, 382.500000, 178.000000, 385.000000, 130.000000, 382.000000
1373386825.72597, 277.000000, 377.500000, 268.000000, 370.000000, 295.000000, 367.000000, 161.000000, 382.500000, 178.000000, 384.000000, 128.000000, 382.000000
1373386825.75929, 277.000000, 375.500000, 254.000000, 378.000000, 300.000000, 367.000000, 160.000000, 381.500000, 178.000000, 382.000000, 131.000000, 382.000000
1373386825.79402, 277.583344, 375.291656, 253.083344, 378.291656, 302.083344, 365.291656, 160.583344, 381.291656, 177.083344, 383.291656, 128.083344, 381.291656
1373386825.83123, 275.166656, 373.083344, 253.166656, 371.583344, 299.166656, 363.583344, 158.166672, 379.083344, 175.166672, 378.583344, 128.166672, 378.583344
1373386825.86560, 274.000000, 372.500000, 251.000000, 375.000000, 297.000000, 364.000000, 157.000000, 378.500000, 175.000000, 380.000000, 125.000000, 379.000000
1373386825.89865, 274.333344, 371.666656, 250.333344, 374.166656, 297.333344, 362.166656, 157.333344, 376.666656, 174.333344, 378.166656, 126.333344, 379.166656
1373386825.93312, 273.166656, 370.083344, 263.166656, 363.583344, 296.166656, 361.583344, 156.166672, 375.083344, 173.166672, 376.583344, 123.166672, 373.583344
1373386825.97126, 271.333344, 369.666656, 248.333344, 372.166656, 297.333344, 363.166656, 156.333344, 374.666656, 172.333344, 376.166656, 122.333344, 373.166656
1373386826.00598, 271.166656, 368.083344, 249.166656, 366.583344, 291.166656, 359.583344, 155.166672, 373.083344, 172.166672, 375.583344, 124.166672, 373.583344
1373386826.03906, 270.000000, 367.500000, 247.000000, 370.000000, 294.000000, 359.000000, 154.000000, 372.500000, 171.000000, 374.000000, 122.000000, 370.000000
1373386826.07387, 269.833344, 366.916656, 246.333344, 369.416656, 286.333344, 357.416656, 154.833344, 371.916656, 170.333344, 373.416656, 125.333344, 365.416656
1373386826.11595, 270.166656, 364.083344, 246.166656, 367.583344, 289.166656, 355.583344, 153.166672, 369.083344, 170.166672, 371.583344, 121.166672, 367.583344
1373386826.15323, 269.000000, 363.500000, 245.000000, 367.000000, 294.000000, 355.000000, 153.000000, 368.500000, 169.000000, 371.000000, 120.000000, 367.000000
1373386826.18656, 268.583344, 361.291656, 244.083344, 366.291656, 289.083344, 354.291656, 152.583344, 366.291656, 169.083344, 369.291656, 121.083344, 365.291656
1373386826.22137, 267.333344, 360.666656, 256.333344, 354.166656, 290.333344, 353.166656, 152.333344, 365.666656, 168.333344, 368.166656, 120.333344, 364.166656
1373386826.26745, 265.583344, 357.291656, 242.083344, 361.291656, 290.083344, 350.291656, 150.583344, 362.291656, 166.083344, 365.291656, 123.083344, 357.291656
1373386826.30375, 265.000000, 356.500000, 241.000000, 360.000000, 278.000000, 352.000000, 150.000000, 361.500000, 161.000000, 357.000000, 120.000000, 360.000000
1373386826.33868, 263.000000, 355.500000, 241.000000, 359.000000, 290.000000, 348.000000, 150.000000, 359.500000, 166.000000, 364.000000, 122.000000, 354.000000
1373386826.37515, 264.833344, 353.916656, 240.333344, 358.416656, 286.333344, 346.416656, 149.833344, 358.916656, 165.333344, 362.416656, 121.333344, 354.416656
1373386826.41728, 263.000000, 352.500000, 240.000000, 357.000000, 286.000000, 345.000000, 149.000000, 356.500000, 165.000000, 360.000000, 120.000000, 356.000000
1373386826.45483, 262.166656, 351.083344, 240.166656, 355.583344, 288.166656, 344.583344, 148.166672, 355.083344, 165.166672, 359.583344, 115.166672, 351.583344
1373386826.48791, 262.833344, 349.916656, 250.333344, 345.416656, 284.333344, 343.416656, 148.833344, 354.916656, 165.333344, 360.416656, 116.333344, 354.416656
1373386826.52293, 261.583344, 349.291656, 250.083344, 344.291656, 289.083344, 343.291656, 148.583344, 353.291656, 165.083344, 359.291656, 117.083344, 353.291656
1373386826.56123, 261.833344, 348.916656, 239.333344, 354.416656, 284.333344, 342.416656, 148.833344, 352.916656, 164.333344, 356.416656, 120.333344, 348.416656
1373386826.59615, 261.166656, 347.083344, 239.166656, 352.583344, 288.166656, 341.583344, 147.166672, 351.083344, 165.166672, 356.583344, 115.166672, 348.583344
1373386826.62996, 260.583344, 346.291656, 239.083344, 352.291656, 287.083344, 341.291656, 148.583344, 351.291656, 164.083344, 357.291656, 115.083344, 352.291656
1373386826.66439, 258.666656, 345.333344, 237.166656, 350.833344, 286.166656, 339.833344, 147.666672, 349.333344, 163.166672, 353.833344, 115.166672, 350.833344
1373386826.70281, 258.833344, 344.916656, 237.333344, 350.416656, 274.333344, 340.416656, 146.833344, 348.916656, 163.333344, 353.416656, 115.333344, 350.416656
1373386826.73789, 257.833344, 343.916656, 237.333344, 349.416656, 281.333344, 337.416656, 146.833344, 347.916656, 162.333344, 352.416656, 114.333344, 349.416656
1373386826.77103, 257.666656, 342.333344, 235.166656, 348.833344, 286.166656, 336.833344, 146.666672, 346.333344, 162.166672, 350.833344, 115.166672, 347.833344
1373386826.80558, 257.000000, 341.500000, 235.000000, 348.000000, 280.000000, 335.000000, 145.000000, 345.500000, 162.000000, 351.000000, 112.000000, 345.000000
1373386826.84750, 256.833344, 340.916656, 235.333344, 347.416656, 278.333344, 334.416656, 145.833344, 344.916656, 161.333344, 351.416656, 114.333344, 347.416656
1373386826.88446, 256.416656, 340.708344, 235.416656, 346.708344, 279.416656, 333.708344, 145.416672, 344.708344, 161.416672, 349.708344, 113.416672, 342.708344
1373386826.91817, 256.833344, 339.916656, 235.333344, 346.416656, 278.333344, 333.416656, 144.833344, 343.916656, 161.333344, 349.416656, 112.333344, 343.416656
1373386826.95326, 255.833344, 338.916656, 234.333344, 346.416656, 279.333344, 333.416656, 144.833344, 342.916656, 161.333344, 348.416656, 114.333344, 345.416656
1373386826.99725, 254.416672, 338.708344, 234.416672, 343.708344, 276.416687, 330.708344, 143.416672, 341.708344, 160.416672, 346.708344, 114.416672, 344.708344
1373386827.03384, 254.166672, 337.083344, 233.166672, 343.583344, 277.166687, 330.583344, 143.166672, 340.083344, 160.166672, 346.583344, 114.166672, 343.583344
1373386827.06701, 253.833344, 337.916656, 233.333344, 344.416656, 277.333344, 331.416656, 143.833344, 340.916656, 160.333344, 346.416656, 113.333344, 344.416656
1373386827.10336, 252.000000, 337.500000, 232.000000, 344.000000, 275.000000, 330.000000, 143.000000, 340.500000, 159.000000, 346.000000, 113.000000, 344.000000
1373386827.14521, 252.000000, 337.500000, 232.000000, 344.000000, 274.000000, 330.000000, 143.000000, 340.500000, 159.000000, 346.000000, 113.000000, 344.000000
1373386827.18264, 252.833344, 337.916656, 232.333344, 344.416656, 276.333344, 330.416656, 143.833344, 340.916656, 159.333344, 346.416656, 123.333344, 342.416656
1373386827.21611, 253.000000, 336.500000, 232.000000, 343.000000, 276.000000, 331.000000, 142.000000, 340.500000, 159.000000, 346.000000, 116.000000, 339.000000
1373386827.25165, 253.833344, 336.916656, 232.333344, 343.416656, 274.333344, 330.416656, 142.833344, 340.916656, 159.333344, 346.416656, 113.333344, 344.416656
1373386827.28985, 252.250000, 336.125000, 232.250000, 343.125000, 274.250000, 330.125000, 142.250000, 340.125000, 159.250000, 346.125000, 113.250000, 344.125000
1373386827.32563, 252.833344, 336.916656, 231.333344, 344.416656, 276.333344, 331.416656, 142.833344, 340.916656, 159.333344, 346.416656, 113.333344, 344.416656
1373386827.35970, 252.000000, 336.500000, 231.000000, 345.000000, 274.000000, 330.000000, 142.000000, 340.500000, 159.000000, 346.000000, 113.000000, 344.000000
1373386827.39461, 252.000000, 336.500000, 231.000000, 344.000000, 268.000000, 329.000000, 142.000000, 340.500000, 158.000000, 346.000000, 113.000000, 344.000000
1373386827.43115, 252.000000, 336.500000, 231.000000, 344.000000, 280.000000, 332.000000, 142.000000, 340.500000, 158.000000, 346.000000, 125.000000, 344.000000
1373386827.46388, 252.000000, 336.500000, 231.000000, 344.000000, 275.000000, 330.000000, 141.000000, 340.500000, 158.000000, 346.000000, 113.000000, 344.000000
1373386827.49841, 252.000000, 336.500000, 231.000000, 344.000000, 281.000000, 332.000000, 142.000000, 341.500000, 158.000000, 346.000000, 113.000000, 344.000000
1373386827.53239, 251.833344, 336.916656, 231.333344, 344.416656, 280.333344, 332.416656, 142.833344, 341.916656, 158.333344, 346.416656, 113.333344, 344.416656
